brand,screen_name,urban,age18_24,age25_34,age35_44,age45_54,age55_64,age65plus,male,female,high_school_grad,university_grad,master_deg,doctorate_deg,professional_deg
7-Eleven,7eleven,0.375816327,0.133204082,0.318122449,0.217020408,0.144755102,0.095632653,0.093061224,0.448979592,0.530612245,0.211548034,0.385764062,0.034843206,0.00273768,0.004355401
Abercrombie & Fitch,Abercrombie,0.348258706,0.109452736,0.333333333,0.23880597,0.139303483,0.086721393,0.08779602,0.248756219,0.736318408,0.17056357,0.331651387,0.0307962,0.001658257,0.002203113
Abercrombie kids,abercrombiekids,0.34328,0.06264,0.32516,0.3163,0.14634,0.07776,0.0636,0.18678,0.78,0.201161344,0.394027375,0.037328909,0.002073828,0.00290336
Academy Sports + Outdoors,Academy,0.263157895,0.047631579,0.194736842,0.231578947,0.194736842,0.173684211,0.157894737,0.494736842,0.505263158,0.255610654,0.408977046,0.033229385,0.001865958,0.003067328
Ace Hardware,AceHardware,0.285714286,0.024503968,0.170634921,0.214285714,0.206349206,0.19047619,0.198412698,0.492063492,0.51984127,0.253365004,0.380047506,0.033254157,0.00253365,0.004117181
adidas,adidasUS,0.398198198,0.106306306,0.320720721,0.255855856,0.153153153,0.09009009,0.07027027,0.437837838,0.547747748,0.187648555,0.366957174,0.03252575,0.002376882,0.003461073
Aeropostale,Aeropostale,0.344827586,0.109494253,0.298850575,0.236816092,0.169367816,0.105149425,0.078896552,0.252873563,0.724137931,0.212077241,0.312534881,0.017859136,0.000558098,0.000725527
Albertsons,Albertsons,0.385542169,0.055879518,0.205144578,0.223987952,0.181481928,0.154554217,0.183843373,0.34939759,0.65060241,0.236464449,0.3506197,0.027723418,0.001793868,0.002527723
Aldi,AldiUSA,0.285714286,0.029952381,0.17989418,0.195767196,0.174603175,0.17989418,0.238095238,0.232804233,0.761904762,0.246662797,0.391758561,0.039175856,0.002031341,0.002901915
Amazon Fresh,AmazonFresh,0.338888889,0.041922222,0.227777778,0.233333333,0.177777778,0.144444444,0.177777778,0.288888889,0.711111111,0.175175175,0.4004004,0.048048048,0.005005005,0.005005005
america's funniest home videos,AFVofficial,0.256242424,0.053212121,0.167606061,0.189424242,0.192333333,0.208,0.197121212,0.497212121,0.511272727,0.236446546,0.33778078,0.025333559,0.001520014,0.00228002
America's Got Talent,AGT,0.26459144,0.047848249,0.206225681,0.20233463,0.182879377,0.178988327,0.175097276,0.408560311,0.575875486,0.244498778,0.361432975,0.030828107,0.001913469,0.002870203
American Eagle,AEO,0.334558824,0.106617647,0.305147059,0.242647059,0.143382353,0.102941176,0.106617647,0.194852941,0.808823529,0.176030512,0.381399443,0.033739181,0.001906997,0.002493766
American Girl,American_Girl,0.2561,0.0417,0.233966667,0.268433333,0.1666,0.138466667,0.135433333,0.2062,0.8,0.205991407,0.441410158,0.058854688,0.004178683,0.005885469
American Greetings,amgreetings,0.252101835,0.0214328,0.110242747,0.155950266,0.201539372,0.252812315,0.253049142,0.158200118,0.842510361,0.254065041,0.365853659,0.034552846,0.001626016,0.002743902
American Idol,AmericanIdol,0.26,0.06029,0.22,0.215,0.185,0.175,0.16,0.325,0.675,0.232102331,0.37652156,0.031978543,0.002217867,0.003352589
Anthropologie,Anthropologie,0.343324251,0.0626703,0.258855586,0.247956403,0.177111717,0.136239782,0.117166213,0.160762943,0.828337875,0.115575124,0.458631444,0.077050083,0.006787745,0.008255366
Antiques Roadshow,RoadshowPBS,0.23579661,0.012610169,0.078508475,0.123915254,0.175322034,0.262576271,0.344677966,0.372881356,0.593220339,0.259677027,0.397630447,0.038140063,0.003164814,0.003976304
Applebee's,Applebees,0.325,0.082358333,0.233333333,0.2,0.155675,0.149575,0.183333333,0.341666667,0.65,0.262467192,0.363416111,0.024227741,0.001049869,0.001776701
Arby's,Arbys,0.324022346,0.111675978,0.329608939,0.25698324,0.156424581,0.076145251,0.076988827,0.536312849,0.463687151,0.257274435,0.334456765,0.020581955,0.001260645,0.001800921
Ashley HomeStore,AshleyHomeStore,0.326771654,0.033051181,0.216535433,0.24015748,0.196850394,0.173228346,0.137795276,0.204724409,0.791338583,0.210970464,0.421940928,0.03886298,0.001554519,0.003109038
ASOS,ASOS_Us,0.416149068,0.136645963,0.428571429,0.198757764,0.12563354,0.064118012,0.05563354,0.267080745,0.745341615,0.129160457,0.367610532,0.031793343,0.001987084,0.002483855
AT&T Wireless,ATT,0.371,0.080971429,0.228142857,0.186428571,0.149942857,0.151371429,0.229171429,0.505,0.4976,0.219581503,0.335830535,0.02841643,0.002583312,0.002583312
B&H Photo,BHPhotoVideo,0.331458333,0.045166667,0.191875,0.20025,0.175083333,0.168708333,0.18,0.656458333,0.306083333,0.160820183,0.442255503,0.055281938,0.006332295,0.007538446
Banana Republic,BananaRepublic,0.357638889,0.052020833,0.243055556,0.243055556,0.180555556,0.142361111,0.149305556,0.204861111,0.791666667,0.105820106,0.479185385,0.093840471,0.010182689,0.012778277
Barnes & Noble,BNBuzz,0.272151899,0.060677215,0.164556962,0.17721519,0.164556962,0.189873418,0.234177215,0.240506329,0.746835443,0.209102091,0.399753998,0.055350554,0.004305043,0.004920049
Bass Pro Shops,BassProShops,0.226299694,0.039272171,0.174311927,0.198776758,0.198776758,0.198776758,0.186544343,0.648318043,0.345565749,0.264326496,0.359484035,0.02114612,0.00179742,0.002748996
Bath & Body Works,bathbodyworks,0.302325581,0.073738372,0.25,0.226744186,0.191860465,0.139534884,0.117593023,0.1205,0.872093023,0.24276755,0.404612583,0.037426664,0.001719603,0.002832288
Beautyrest,Beautyrest,0.324324324,0.058905405,0.177702703,0.206675676,0.201851351,0.186878378,0.150081081,0.310810811,0.675675676,0.226058364,0.282572955,0.016440608,0.000719277,0.001181669
Bed Bath & Beyond,BedBathBeyond,0.300207039,0.053830228,0.211180124,0.229813665,0.19047619,0.16563147,0.16563147,0.233954451,0.766045549,0.213523132,0.427046263,0.054567023,0.003795967,0.005575326
Belk,belk,0.26056338,0.02565493,0.14343662,0.211267606,0.218309859,0.204225352,0.218309859,0.097084507,0.901408451,0.229219196,0.458438392,0.052095272,0.002917335,0.004376003
Ben & Jerry's,benandjerrys,0.333333333,0.100958333,0.305555556,0.223263889,0.169430556,0.118069444,0.093069444,0.305555556,0.694444444,0.182992465,0.39468963,0.043057051,0.003946896,0.004305705
Benjamin Moore,Benjamin_Moore,0.281305638,0.054005935,0.195252226,0.352522255,0.115133531,0.115133531,0.143620178,0.421958457,0.557863501,0.230840259,0.39242844,0.034626039,0.002308403,0.003924284
Bergdorf Goodman,Bergdorfs,0.387254902,0.058176471,0.230392157,0.220588235,0.181372549,0.151960784,0.156862745,0.205882353,0.789215686,0.137211855,0.404774973,0.056256861,0.004871021,0.007546652
Best Buy,BestBuy,0.338028169,0.060868545,0.20657277,0.192488263,0.154929577,0.154929577,0.220657277,0.417840376,0.572769953,0.223577236,0.338753388,0.025745257,0.001693767,0.002574526
Big 5 Sporting Goods,big5since55,0.32535946,0.032192391,0.211095559,0.244051406,0.206514824,0.202697544,0.109174195,0.716121644,0.282224202,0.225225225,0.39039039,0.04004004,0.005005005,0.005005005
Big Lots,BigLots,0.329545455,0.041647727,0.198863636,0.227272727,0.210227273,0.176136364,0.147727273,0.232954545,0.75,0.26074648,0.372494971,0.031662073,0.001527229,0.00223497
Black & Decker,BLACKANDDECKER,0.270440252,0.038207547,0.245283019,0.232704403,0.188679245,0.163522013,0.127339623,0.786163522,0.20754717,0.229591837,0.369897959,0.031887755,0.012755102,0.012755102
black-ish,blackishabc,0.387900356,0.071014235,0.263345196,0.238434164,0.167259786,0.12455516,0.131672598,0.323843416,0.676156584,0.191352496,0.40713297,0.048855956,0.00333849,0.004885596
Bloomingdale's,Bloomingdales,0.370629371,0.047086247,0.219114219,0.235431235,0.191142191,0.142191142,0.146853147,0.198135198,0.780885781,0.133031418,0.424568356,0.065100481,0.006227003,0.009340504
Blue Bloods,BlueBloods_CBS,0.258338462,0.028015385,0.149676923,0.194230769,0.187630769,0.193969231,0.256046154,0.338461538,0.661538462,0.265627767,0.416150168,0.042500443,0.002921905,0.00513547
Bob's Burgers,BobsBurgersFOX,0.307692308,0.102472527,0.340659341,0.241758242,0.159142857,0.090175824,0.061714286,0.483516484,0.505494505,0.211401593,0.373476147,0.028186879,0.00225495,0.002043549
Brooklyn Nine-Nine,nbcbrooklyn99,0.295454545,0.062261364,0.272727273,0.272727273,0.195113636,0.122,0.086113636,0.443181818,0.545454545,0.198863636,0.397727273,0.037642045,0.00390625,0.004261364
Buca di Beppo,bucadibeppo,0.462607085,0.034498727,0.158717296,0.206297754,0.211507293,0.183028479,0.209539245,0.268812225,0.724936328,0.193401593,0.455062571,0.062571104,0.005403868,0.009101251
Buffalo Wild Wings,BWWings,0.339285714,0.083415179,0.263392857,0.223214286,0.174107143,0.138392857,0.125,0.495535714,0.504464286,0.228236061,0.369525052,0.026084121,0.001630258,0.002499728
Build-A-Bear Workshop,buildabear,0.29825,0.143730769,0.355692308,0.279942308,0.148076923,0.057557692,0.038365385,0.159096154,0.846153846,0.233468379,0.377669436,0.033646913,0.001510678,0.002266017
Build.com,buildcom,0.284739936,0.00881668,0.107130975,0.18980814,0.222302318,0.232061661,0.257291782,0.407230786,0.591382943,0.217129071,0.434258142,0.047044632,0.003739445,0.006272618
Burger King,BurgerKing,0.342975207,0.107438017,0.289256198,0.223140496,0.152892562,0.107438017,0.107438017,0.41322314,0.566115702,0.248661056,0.337923999,0.023590921,0.001466463,0.001976537
Burlington,Burlington,0.35,0.0568,0.216666667,0.233333333,0.2,0.154583333,0.145775,0.172783333,0.816666667,0.211276905,0.34332497,0.025089132,0.001320481,0.001320481
Cabela's,Cabelas,0.222910217,0.039352941,0.185758514,0.213622291,0.204334365,0.20123839,0.173374613,0.653250774,0.352941176,0.274838532,0.371032019,0.023361275,0.00192387,0.003023224
Calvin Klein,CalvinKlein,0.371323529,0.073768382,0.264705882,0.238970588,0.176470588,0.121323529,0.128676471,0.319852941,0.672794118,0.17641471,0.325688696,0.03256887,0.002306962,0.00298548
Canada Goose,canadagoose,0.366494539,0.09020701,0.305808162,0.28286798,0.164419869,0.077685875,0.076680528,0.586848238,0.40095051,0.166750884,0.387401044,0.048846219,0.004884622,0.00741115
Caribou Coffee,cariboucoffee,0.3478125,0.101125,0.282895833,0.2265625,0.1659375,0.129645833,0.117729167,0.280479167,0.729166667,0.165464574,0.466694951,0.055154858,0.00466695,0.006364022
carl's jr,CarlsJr,0.373913043,0.124121739,0.356521739,0.260869565,0.146617391,0.06513913,0.069234783,0.469565217,0.547826087,0.237771739,0.288722826,0.016134511,0.00169837,0.00169837
Carter's,Carters,0.288888889,0.067933333,0.366666667,0.244444444,0.101955556,0.124544444,0.101088889,0.094511111,0.9,0.196447231,0.459770115,0.062695925,0.003427377,0.004597701
Champion,ChampionUSA,0.433070866,0.137818898,0.362204724,0.220472441,0.121637795,0.077173228,0.076007874,0.480314961,0.527559055,0.204441966,0.30666295,0.020444197,0.000929282,0.001579779
Champs Sports,champssports,0.4,0.10455,0.35,0.254475,0.1517875,0.08135,0.04625,0.6,0.3875,0.225073149,0.337609723,0.018230925,0.000697727,0.001327932
Chick-fil-A,ChickfilA,0.313471503,0.095854922,0.243523316,0.20984456,0.163212435,0.137305699,0.158031088,0.404145078,0.593264249,0.21919524,0.375763269,0.034444966,0.002035384,0.003366213
Chipotle Mexican Grill,ChipotleTweets,0.342342342,0.108108108,0.292792793,0.225225225,0.153153153,0.108108108,0.117117117,0.373873874,0.635135135,0.217770035,0.362950058,0.033391405,0.00261324,0.003339141
Claire's,claires,0.327512637,0.083437274,0.268430381,0.299612683,0.151841397,0.100899363,0.087310444,0.113306637,0.868968686,0.208116545,0.416233091,0.052029136,0.003865022,0.00475695
Cold Stone Creamery,ColdStone,0.351107342,0.107791301,0.280277334,0.215931764,0.162061053,0.099411413,0.107242618,0.24995012,0.718575419,0.192964227,0.400771857,0.035624165,0.002078076,0.00296868
Converse,Converse,0.39748954,0.129707113,0.338912134,0.246861925,0.138075314,0.078870293,0.055711297,0.389121339,0.60251046,0.199044586,0.345010616,0.026539278,0.00145966,0.002123142
Craftsman,craftsman,0.357680895,0.043825611,0.171878567,0.170280758,0.190824013,0.204291258,0.215704177,0.909837937,0.087194704,0.284326502,0.367255065,0.0189551,0.001184694,0.002250918
Crate and Barrel,CrateandBarrel,0.334883721,0.032030233,0.21627907,0.241860465,0.206976744,0.172093023,0.151162791,0.237209302,0.760465116,0.171976828,0.416364953,0.059739319,0.005611875,0.007603186
Criminal Minds,CrimMinds_CBS,0.269565217,0.055886957,0.208695652,0.191304348,0.17873913,0.17633913,0.189669565,0.304347826,0.67826087,0.243454397,0.398379922,0.035411549,0.002058296,0.002877188
Crocs Shoes,Crocs,0.343915344,0.094571429,0.285714286,0.216931217,0.164021164,0.137566138,0.116402116,0.222222222,0.767195767,0.221664292,0.38451969,0.031666327,0.00169641,0.002171405
Crunch,CrunchGym,0.367567568,0.06167027,0.259459459,0.27027027,0.2,0.140540541,0.095010811,0.432432432,0.578378378,0.197657394,0.402635432,0.040263543,0.003660322,0.004026354
Crutchfield,Crutchfield,0.31630547,0.034399725,0.130202958,0.230134159,0.25128999,0.189026488,0.153078775,0.938940488,0.049879601,0.253514635,0.391795345,0.02996082,0.00322655,0.005531228
CVS Pharmacy,cvspharmacy,0.323943662,0.055230047,0.215962441,0.20657277,0.17370892,0.150234742,0.20657277,0.314553991,0.685446009,0.239592692,0.339422981,0.029949087,0.001896775,0.002795248
Dairy Queen,DairyQueen,0.304761905,0.09292381,0.276190476,0.247619048,0.193438095,0.093780952,0.086561905,0.371428571,0.619047619,0.253403672,0.368587159,0.029947707,0.001451312,0.002211523
Dancing with the Stars,DancingABC,0.274074074,0.046718519,0.192592593,0.177777778,0.162962963,0.177777778,0.22962963,0.207407407,0.785185185,0.238527537,0.4272135,0.04272135,0.002563281,0.003560112
Denny's,DennysDiner,0.362565217,0.071586957,0.236391304,0.203347826,0.170173913,0.143978261,0.192130435,0.356043478,0.652173913,0.242019131,0.322692175,0.021896969,0.001094848,0.001613461
DeWalt,DEWALTtough,0.264367816,0.040908046,0.235632184,0.235632184,0.189655172,0.166666667,0.126114943,0.83908046,0.149425287,0.268510055,0.342778793,0.016567642,0.000999771,0.001828154
DICK'S Sporting Goods,DICKS,0.270186335,0.062236025,0.220496894,0.251552795,0.189440994,0.142857143,0.121118012,0.50931677,0.47826087,0.209592906,0.411124547,0.041918581,0.003143894,0.005078597
Dillard's,Dillards,0.320224719,0.044797753,0.213483146,0.230337079,0.207865169,0.157303371,0.151685393,0.146067416,0.853932584,0.205278592,0.410557185,0.049120235,0.003372434,0.005131965
Dippin' Dots,DippinDots,0.328024859,0.122159643,0.344144494,0.211885803,0.137308215,0.087395611,0.10778792,0.293066615,0.707127598,0.170670868,0.341341736,0.019692792,0.001312853,0.001312853
Disney Store,shopDisney,0.325966851,0.061569061,0.281767956,0.276243094,0.165745856,0.120646409,0.09939779,0.237569061,0.756906077,0.190839695,0.416377516,0.052047189,0.003816794,0.005204719
Dollar General,DollarGeneral,0.300492611,0.046423645,0.192118227,0.201970443,0.192118227,0.18226601,0.167487685,0.285714286,0.689655172,0.292338024,0.339927935,0.021755388,0.000781834,0.001257733
Dollar Tree,DollarTree,0.331967213,0.059729508,0.204918033,0.209016393,0.180327869,0.172131148,0.151639344,0.25,0.737704918,0.259801606,0.325932924,0.021256495,0.000661313,0.001180916
Domino's,dominos,0.344186047,0.111627907,0.320930233,0.274418605,0.120930233,0.077130233,0.065767442,0.404651163,0.576744186,0.224982882,0.33258339,0.023476475,0.001369461,0.001760736
Dr. Ken,DrKenABC,0.251115076,0.003865596,0.026613143,0.086678561,0.218554862,0.344930122,0.298394291,0.49122807,0.485429676,0.176899063,0.385015609,0.047866805,0.010405827,0.010405827
Dunkin' Donuts,dunkindonuts,0.330049261,0.107778325,0.285714286,0.246305419,0.172413793,0.10735468,0.092605911,0.334975369,0.665024631,0.231399074,0.373798505,0.033819865,0.001957992,0.003025988
Earth Fare,EarthFare,0.345072175,0.033101045,0.349178696,0.293554007,0.182304629,0.086983574,0.073917372,0.391114983,0.609631658,0.165876777,0.473933649,0.072669826,0.007898894,0.009478673
Eddie Bauer,eddiebauer,0.292134831,0.046146067,0.182359551,0.167808989,0.149067416,0.176494382,0.269662921,0.247191011,0.730337079,0.150090054,0.470282169,0.085051031,0.008104863,0.009505703
Empire,EmpireFOX,0.399181818,0.083409091,0.284136364,0.221363636,0.155318182,0.126477273,0.117295455,0.358181818,0.636363636,0.230890327,0.384817212,0.032184712,0.001784153,0.002938604
ESPN,espn,0.329559748,0.088050314,0.286792453,0.232704403,0.169811321,0.122012579,0.110691824,0.646540881,0.355974843,0.238663484,0.380478019,0.028708796,0.002455813,0.004150669
Family Dollar,myfamilydollar,0.351351351,0.047986486,0.222972973,0.222972973,0.189189189,0.175675676,0.147358108,0.310810811,0.689189189,0.266214908,0.320667957,0.019361084,0.000665537,0.001028558
Family Feud,FamilyFeud,0.303921569,0.039901961,0.166372549,0.199813725,0.197617647,0.184843137,0.201294118,0.470588235,0.509803922,0.252690097,0.400092653,0.033692013,0.002084693,0.003579776
Family Guy,FamilyGuyonFOX,0.297752809,0.157303371,0.370786517,0.219101124,0.134831461,0.072438202,0.040825843,0.747191011,0.247191011,0.226008345,0.399860918,0.029554937,0.002781641,0.003129346
Famous Footwear,FamousFootwear,0.32967033,0.045538462,0.22532967,0.307692308,0.228043956,0.113175824,0.074472527,0.184087912,0.824175824,0.245345016,0.407447974,0.034611172,0.001139102,0.002146769
Finish Line,FinishLine,0.430379747,0.066898734,0.329113924,0.35443038,0.170177215,0.056139241,0.025417722,0.417721519,0.582278481,0.076923077,0.076923077,0.076923077,0.076923077,0.076923077
Five Below,fivebelow,0.319148936,0.043946809,0.255319149,0.308510638,0.199095745,0.117723404,0.08143617,0.214457447,0.787234043,0.245563121,0.323696841,0.023440116,0.001116196,0.001339435
Food City,FoodCity,0.255802629,0.070280799,0.173186171,0.178380133,0.195747444,0.208407726,0.184710274,0.482713845,0.512741438,0.285871358,0.307861462,0.020890599,0.005497526,0.005497526
Food Lion,FoodLion,0.244628571,0.036114286,0.171314286,0.173114286,0.157828571,0.184885714,0.272485714,0.253142857,0.742857143,0.254971953,0.373958865,0.029746728,0.001699813,0.002379738
Foot Locker,footlocker,0.435114504,0.135732824,0.381679389,0.259541985,0.131900763,0.050656489,0.031931298,0.480916031,0.519083969,0.223463687,0.34264432,0.019366853,0.000685289,0.001325885
Forever 21,Forever21,0.385454545,0.149090909,0.356363636,0.218181818,0.141818182,0.079752727,0.073116364,0.2,0.807272727,0.166431955,0.345666368,0.028165408,0.00140827,0.001792344
Fred Meyer,Fred_Meyer,0.301285714,0.047885714,0.193771429,0.216085714,0.183828571,0.164771429,0.176057143,0.3578,0.626571429,0.23862789,0.387770321,0.032811335,0.002087994,0.002982849
Free People,FreePeople,0.359073359,0.1003861,0.293436293,0.243243243,0.166023166,0.123552124,0.1003861,0.131274131,0.872586873,0.136957875,0.415023864,0.051877983,0.004150239,0.004772774
Fresh off the Boat,FreshOffABC,0.35443038,0.06335443,0.219987342,0.209481013,0.178,0.15621519,0.186987342,0.188746835,0.810126582,0.145228216,0.398340249,0.053941909,0.005809129,0.006639004
Fry's Electronics,fryselectronics,0.380681818,0.078319964,0.270164884,0.215240642,0.144050802,0.113970588,0.167112299,0.657642602,0.330213904,0.203131612,0.423190859,0.042319086,0.004231909,0.005924672
Gap,Gap,0.325630252,0.058823529,0.256302521,0.24789916,0.174369748,0.134453782,0.128151261,0.197478992,0.787815126,0.076923077,0.076923077,0.076923077,0.076923077,0.076923077
Giant Food Stores,GiantFoodStores,0.117647059,0.030959752,0.147832817,0.190402477,0.183436533,0.205108359,0.230650155,0.303405573,0.692724458,0.270177839,0.410396717,0.044459644,0.003419973,0.004787962
GNC,GNCLiveWell,0.315789474,0.036092105,0.214644737,0.216381579,0.206907895,0.152092105,0.178236842,0.460526316,0.539473684,0.076923077,0.076923077,0.076923077,0.076923077,0.076923077
Good Place,nbcthegoodplace,0.255047821,0.05171803,0.232731137,0.267445979,0.224229543,0.136379738,0.088912504,0.269217145,0.71873893,0.136163982,0.424597365,0.070278184,0.014641288,0.014641288
Greys Anatomy,GreysABC,0.285024155,0.106280193,0.275362319,0.222222222,0.154589372,0.125603865,0.125603865,0.22705314,0.768115942,0.076923077,0.076923077,0.076923077,0.076923077,0.076923077
Gymboree,Gymboree,0.308333333,0.044275,0.341666667,0.291666667,0.119983333,0.107766667,0.0968,0.125525,0.866666667,0.172133499,0.459022664,0.077460075,0.004877116,0.00698097
H&M,hmusa,0.365348399,0.114877589,0.323917137,0.242937853,0.128060264,0.09039548,0.09039548,0.233521657,0.753295669,0.15809027,0.38732116,0.049007984,0.003398941,0.004031302
Hallmark,Hallmark,0.246101695,0.026762712,0.139915254,0.196,0.189644068,0.206576271,0.243915254,0.144644068,0.847457627,0.226860254,0.438596491,0.057471264,0.003176044,0.004990926
Harbor Freight Tools,HarborFreight,0.238095238,0.03731746,0.182539683,0.206349206,0.206349206,0.206349206,0.158436508,0.761904762,0.206349206,0.282026915,0.367861194,0.024217529,0.002053892,0.00306551
Havertys Furniture,havertys,0.311320755,0.052886792,0.20754717,0.193273585,0.189971698,0.178367925,0.190216981,0.29245283,0.716981132,0.22675737,0.329828901,0.028860029,0.002061431,0.002886003
Hawaii Five-0,HawaiiFive0CBS,0.255676856,0.018286026,0.125818777,0.168067686,0.203384279,0.228002183,0.251255459,0.42139738,0.569050218,0.257973734,0.422138837,0.042213884,0.00304878,0.005628518
Hell's Kitchen,HellsKitchenFOX,0.309859155,0.058943662,0.309859155,0.256239437,0.152774648,0.125957746,0.108422535,0.338028169,0.661971831,0.245098039,0.433634992,0.03959276,0.002828054,0.00433635
Helzberg Diamonds,Helzberg,0.344810811,0.058108108,0.223189189,0.228918919,0.193594595,0.158135135,0.14927027,0.255108108,0.756756757,0.220946915,0.401721664,0.028694405,0.00286944,0.00286944
HomeGoods,HomeGoods,0.303178484,0.045684597,0.207823961,0.229828851,0.19804401,0.166259169,0.163814181,0.195599022,0.809290954,0.189978627,0.439325576,0.055806222,0.004037046,0.005699359
Hooters,Hooters,0.343837838,0.054945946,0.323081081,0.274540541,0.169108108,0.102243243,0.068027027,0.542648649,0.458297297,0.256233369,0.384350054,0.022666798,0.001379718,0.002660885
houzz,houzz,0.333333333,0.024350427,0.188034188,0.239316239,0.222222222,0.188034188,0.126965812,0.316239316,0.64957265,0.178200178,0.445500446,0.063112563,0.005568756,0.008538759
Hush Puppies,hushpuppies_usa,0.331789981,0.018520233,0.096768219,0.186220946,0.280211131,0.240300028,0.189184184,0.172515974,0.810075007,0.16773557,0.448939319,0.078934386,0.006413419,0.008386778
Husqvarna,HusqvarnaUSA,0.169560776,0.020429009,0.193054137,0.228804903,0.228804903,0.294177732,0.028600613,0.759959142,0.228804903,0.004130525,0.495662949,0.04543577,0.004956629,0.008261049
IKEA,IKEAUSA,0.331300813,0.044715447,0.231707317,0.262195122,0.193089431,0.146341463,0.132113821,0.282520325,0.715447154,0.174454829,0.423676012,0.058566978,0.004610592,0.005856698
J. C. Penney,jcpenney,0.303763441,0.038739247,0.193548387,0.220430108,0.193548387,0.180107527,0.188172043,0.166666667,0.825268817,0.243461871,0.392680437,0.036911961,0.001727794,0.002827299
J.Crew,jcrew,0.361038961,0.062337662,0.254545455,0.25974026,0.187012987,0.135064935,0.135064935,0.225974026,0.779220779,0.125743027,0.457247371,0.081161408,0.007887517,0.009830818
Jack in the Box,JackBox,0.344537815,0.104546218,0.294117647,0.235294118,0.155621849,0.105327731,0.115369748,0.43697479,0.56302521,0.226052557,0.282565697,0.016106245,0.000734671,0.00107375
Jason's Deli,jasonsdeli,0.36689742,0.072162786,0.2135515,0.223201175,0.179987413,0.147891756,0.159009859,0.308160269,0.683029159,0.186440678,0.389830508,0.045762712,0.016949153,0.016949153
John Deere,JohnDeere,0.208695652,0.0414,0.17826087,0.195652174,0.195652174,0.2,0.191304348,0.726086957,0.273913043,0.274914089,0.326460481,0.015635739,0.00104811,0.001890034
Jos A Bank,JosABank,0.366376565,0.03327319,0.230205901,0.240819359,0.208713649,0.165782212,0.158883464,0.763001486,0.264964976,0.170171387,0.449738665,0.058344476,0.008143916,0.012155099
journeys,journeys,0.386184516,0.080667594,0.358252202,0.343764488,0.179647659,0.042072323,0.012633287,0.167246175,0.829972184,0.241351569,0.291633146,0.014078842,0.001005632,0.001005632
Judge Judy,JudgeJudy,0.273684211,0.068578947,0.252631579,0.190842105,0.152031579,0.164452632,0.166484211,0.368421053,0.621052632,0.245012251,0.376268813,0.033251663,0.002187609,0.003062653
Kay Jewelers,KayJewelers,0.297688889,0.033888889,0.197044444,0.264,0.210866667,0.169511111,0.137511111,0.297733333,0.688888889,0.247256993,0.370885489,0.024725699,0.001174471,0.002008963
Keeping Up with the Kardashians,KUWTK,0.337037037,0.081481481,0.281481481,0.244444444,0.177777778,0.122222222,0.096296296,0.225925926,0.774074074,0.21944632,0.371370695,0.031228899,0.001688049,0.00244767
Kendra Scott,KendraScott,0.291666667,0.05078125,0.213239583,0.229166667,0.194604167,0.162145833,0.153541667,0.076447917,0.90625,0.177165354,0.426509186,0.049212598,0.00328084,0.00492126
KFC,kfc,0.334519573,0.103202847,0.288256228,0.231316726,0.160142349,0.099644128,0.099644128,0.466192171,0.505338078,0.237906423,0.327121332,0.023790642,0.001486915,0.002180809
Kmart,Kmart,0.270098361,0.028901639,0.170409836,0.22842623,0.233770492,0.181213115,0.158983607,0.230491803,0.754098361,0.260319821,0.371885459,0.026031982,0.001859427,0.00204537
Kohl's,Kohls,0.294491525,0.043345339,0.199152542,0.224576271,0.19279661,0.184322034,0.180084746,0.203389831,0.792372881,0.227521699,0.421336479,0.048875032,0.002696553,0.004213365
Kohler,Kohler,0.348528302,0.000660377,0.176132075,0.22045283,0.246641509,0.177169811,0.176924528,0.622641509,0.38345283,0.207741089,0.382680953,0.037174721,0.003225454,0.005029521
Kroger,kroger,0.303108808,0.062176166,0.199481865,0.207253886,0.183937824,0.170984456,0.202072539,0.316062176,0.689119171,0.238043713,0.367885739,0.032460506,0.002164034,0.003137849
L.L.Bean,LLBean,0.30449827,0.042657439,0.193771626,0.21799308,0.186851211,0.173010381,0.197231834,0.294117647,0.716262976,0.1626113,0.456104864,0.083288714,0.008527178,0.009915323
LA Fitness,LAFitness,0.356828194,0.047696035,0.268722467,0.27753304,0.207048458,0.118942731,0.074414097,0.453744493,0.537444934,0.152063722,0.427226647,0.044895004,0.003548154,0.005286025
La-Z-Boy,lazboy,0.316666667,0.02635,0.169825,0.2,0.2,0.2,0.2,0.25,0.75,0.237961926,0.368607689,0.036860769,0.002053005,0.003126166
Lane Bryant,lanebryant,0.303754266,0.051201365,0.204778157,0.235494881,0.201365188,0.153583618,0.146757679,0.062116041,0.935153584,0.219925225,0.439850451,0.04838355,0.002419177,0.003958654
Law & Order,nbcsvu,0.285714286,0.04072619,0.183107143,0.199011905,0.174845238,0.178654762,0.21772619,0.333333333,0.654761905,0.243457091,0.389531345,0.042604991,0.004382228,0.004747413
Lee Jeans,LeeJeans,0.298015873,0.067492063,0.207571429,0.22152381,0.201920635,0.162507937,0.135460317,0.251539683,0.73015873,0.219987429,0.353551226,0.029855437,0.002357008,0.003064111
Let's Make a Deal,letsmakeadeal,0.270468432,0.035437882,0.122403259,0.12586558,0.128105906,0.2,0.379429735,0.37413442,0.616700611,0.24196336,0.293812651,0.017283097,0.00172831,0.00172831
Lethal Weapon,LethalWeaponFOX,0.293565684,0.015638963,0.147006256,0.206434316,0.200625559,0.196157283,0.225201072,0.547363718,0.437890974,0.274949084,0.417515275,0.030549898,0.00509165,0.00509165
Levi's,LEVIS,0.357476636,0.091121495,0.289719626,0.242990654,0.16588785,0.107476636,0.091121495,0.252336449,0.740654206,0.076923077,0.076923077,0.076923077,0.076923077,0.076923077
Little Big Shots,NBCLilBigShots,0.343791667,0.094916667,0.289208333,0.22925,0.159875,0.107458333,0.081708333,0.506791667,0.449875,0.232892664,0.390437701,0.033563943,0.001438455,0.002602918
Little Caesars,littlecaesars,0.342857143,0.104214286,0.2878,0.263514286,0.172628571,0.086614286,0.0836,0.471428571,0.528571429,0.238972925,0.330494471,0.020083895,0.000966061,0.001449091
LongHorn Steakhouse,LongHornSteaks,0.333333333,0.045935897,0.189102564,0.20075641,0.190102564,0.173538462,0.198038462,0.358974359,0.641025641,0.261142061,0.391713092,0.0295961,0.001479805,0.00295961
Lowe's,Lowes,0.292207792,0.030430195,0.183441558,0.224025974,0.198051948,0.180194805,0.188311688,0.451298701,0.543831169,0.242424242,0.376395534,0.033173844,0.002105263,0.003444976
MacGyver,MacGyverCBS,0.235961979,0.011001584,0.089244851,0.169336384,0.209558176,0.245907411,0.261837705,0.39368069,0.589068826,0.234104046,0.404624277,0.037572254,0.002890173,0.003757225
Macy's,Macys,0.344827586,0.045517241,0.231724138,0.246896552,0.188965517,0.135172414,0.132413793,0.230344828,0.750344828,0.196525706,0.386032637,0.045622039,0.002947886,0.004211265
Mad Men,MadMen_AMC,0.322655886,0.047426528,0.251593842,0.256180998,0.185585445,0.120432281,0.133105271,0.425050536,0.567019126,0.167916042,0.449775112,0.077961019,0.010194903,0.011994003
Madam Secretary,MadamSecretary,0.29028107,0.038062987,0.180629868,0.23528615,0.228513376,0.196071791,0.127531324,0.361869285,0.635218422,0.176589304,0.373360242,0.060544904,0.005045409,0.007568113
Maggiano's Little Italy,Maggianos,0.42701049,0.030032468,0.151910589,0.188061938,0.201236264,0.195741758,0.232892108,0.286463536,0.702422577,0.188633023,0.440960314,0.058794708,0.004164625,0.00832925
Major League Baseball,MLB,0.3136,0.072,0.2544,0.2272,0.1744,0.136,0.1328,0.6208,0.376,0.210025203,0.364043685,0.033604032,0.002772333,0.004200504
Major League Soccer,MLS,0.371859296,0.076844221,0.27638191,0.251256281,0.175879397,0.115577889,0.091633166,0.668341709,0.331658291,0.199615028,0.392100948,0.038497184,0.003350681,0.004990376
Marshalls,marshalls,0.314189189,0.053425676,0.219594595,0.236486486,0.202702703,0.131756757,0.125,0.138513514,0.847972973,0.197120329,0.399954291,0.039995429,0.001828362,0.003142498
Mattel,Mattel,0.321167883,0.055970803,0.291970803,0.270072993,0.175182482,0.122138686,0.10180292,0.270072993,0.737226277,0.224351484,0.397289086,0.044402898,0.002570694,0.003739191
Mattress Firm,MattressFirm,0.327777778,0.032177778,0.177777778,0.205555556,0.194444444,0.194444444,0.183333333,0.305555556,0.677777778,0.211655143,0.338648229,0.026809651,0.001552138,0.002257655
McDonald's,McDonalds,0.312937063,0.104895105,0.258741259,0.216783217,0.162587413,0.129370629,0.125874126,0.40034965,0.589160839,0.235925805,0.341685649,0.025219655,0.001627075,0.002196551
Meijer,meijer,0.274509804,0.048392157,0.199186275,0.213892157,0.1805,0.158264706,0.197372549,0.343137255,0.637254902,0.26044435,0.361432975,0.027107473,0.001647709,0.002604443
Men's Wearhouse,menswearhouse,0.362939394,0.042545455,0.316090909,0.215757576,0.160787879,0.138333333,0.112121212,0.848484848,0.121484848,0.180975502,0.441403664,0.048554403,0.006179651,0.008828073
Michael Kors,MichaelKors,0.364179104,0.060991045,0.232835821,0.23880597,0.194029851,0.143283582,0.137313433,0.170149254,0.829850746,0.187392413,0.392216678,0.039221668,0.002026453,0.00348637
Micro Center,microcenter,0.375876092,0.116206628,0.345072251,0.239508523,0.137665484,0.08453751,0.073288916,0.853335641,0.147529636,0.187702265,0.427184466,0.035598706,0.006472492,0.006472492
Miele,MieleUSA,0.348114286,0.008342857,0.173142857,0.195514286,0.175371429,0.179542857,0.2402,0.306542857,0.685714286,0.141666667,0.333333333,0.041666667,0.027777778,0.027777778
Modell's,Modells,0.367810651,0.079289941,0.25964497,0.266982249,0.200946746,0.115976331,0.070769231,0.669585799,0.320946746,0.194805195,0.373376623,0.032467532,0.016233766,0.016233766
Modern Family,ModernFam,0.290816327,0.068494898,0.280612245,0.239795918,0.168367347,0.132653061,0.105586735,0.464285714,0.520408163,0.17117142,0.46934099,0.066259904,0.00662599,0.008558571
Moen,moen,0.298164336,0.00777972,0.163986014,0.288024476,0.186276224,0.184090909,0.165472028,0.430769231,0.560664336,,,,,
Morton's The Steakhouse,Mortons,0.423545455,0.020545455,0.166818182,0.220454545,0.2255,0.165,0.186954545,0.380409091,0.595681818,0.180288462,0.432692308,0.050480769,0.012019231,0.012019231
MythBusters,MythBusters,0.296350365,0.067153285,0.270072993,0.303649635,0.216058394,0.094890511,0.051094891,0.744525547,0.239416058,0.195277827,0.452689508,0.039055565,0.004615658,0.00434937
NASCAR,NASCAR,0.248792271,0.060386473,0.20531401,0.200483092,0.178743961,0.173913043,0.185990338,0.625603865,0.374396135,0.279113041,0.364397581,0.021708792,0.001395565,0.002636068
National Basketball Association,NBA,0.34605598,0.094147583,0.282442748,0.232824427,0.165394402,0.124681934,0.100508906,0.63740458,0.353689567,0.207882386,0.385761128,0.034289878,0.003000364,0.004500546
National Enquirer,NatEnquirer,0.298597745,0.068463019,0.227660159,0.248831454,0.222436074,0.120978829,0.114379984,0.385207589,0.610943085,0.188284519,0.259414226,0.041841004,0.041841004,0.041841004
Natural Grocers,NaturalGrocers,0.360656898,0.017271891,0.136193105,0.173497558,0.187937991,0.225030084,0.2489559,0.252212076,0.740426134,0.170968823,0.435802883,0.050284948,0.004022796,0.004358029
Nautica,nautica,0.351566667,0.034,0.220966667,0.243933333,0.201033333,0.141833333,0.151933333,0.4649,0.522933333,0.193648335,0.395042603,0.035631294,0.001626646,0.003020914
NCAA Football,NCAAFootball,0.305989583,0.07421875,0.240885417,0.221354167,0.184895833,0.147135417,0.141927083,0.5703125,0.430989583,0.173913043,0.324414716,0.033444816,0.033444816,0.033444816
NCAA Men's Basketball,marchmadness,0.322331421,0.098903596,0.328296313,0.247173777,0.184968471,0.081122536,0.078736579,0.707606658,0.301425893,0.235507246,0.398550725,0.033333333,0.003623188,0.003623188
NCIS,NCIS_CBS,0.247787611,0.036637168,0.181610619,0.194362832,0.180336283,0.181283186,0.230088496,0.362831858,0.619469027,0.265329406,0.42452705,0.039799411,0.002653294,0.003979941
Neiman Marcus,neimanmarcus,0.366742597,0.059225513,0.246013667,0.234624146,0.177676538,0.134396355,0.129840547,0.223234624,0.753986333,0.15503876,0.395843642,0.051129804,0.004618176,0.006762329
New Balance,newbalance,0.386986301,0.095890411,0.29109589,0.246575342,0.171232877,0.106164384,0.095890411,0.438356164,0.558219178,0.186767336,0.39737731,0.037750844,0.00298033,0.00437115
New Girl,New_GirlTV,0.308543478,0.041434783,0.331195652,0.277630435,0.156173913,0.141391304,0.066043478,0.202173913,0.804347826,0.181664043,0.448104638,0.052077026,0.0038755,0.004117718
Newegg,Newegg,0.331142857,0.098107143,0.349857143,0.218535714,0.124071429,0.085285714,0.099642857,0.663928571,0.298964286,0.206281608,0.399254725,0.030609529,0.003393665,0.003659835
NHL Hockey,NHL,0.250164179,0.062164179,0.210402985,0.209104478,0.174835821,0.16641791,0.162820896,0.656716418,0.328358209,0.139896373,0.362694301,0.031088083,0.025906736,0.025906736
Nike,Nike,0.389552239,0.123880597,0.302985075,0.234328358,0.149253731,0.098507463,0.088059701,0.43880597,0.546268657,0.1953125,0.348772321,0.025111607,0.001604353,0.002511161
Nordstrom,Nordstrom,0.361182519,0.059125964,0.245501285,0.246786632,0.18251928,0.142673522,0.128534704,0.227506427,0.762210797,0.160353645,0.411718818,0.05634047,0.005200659,0.006934212
Nordstrom Rack,nordstromrack,0.428571429,0.023392857,0.182517857,0.266785714,0.237428571,0.179785714,0.119125,0.12825,0.857142857,0.158086813,0.454079144,0.068952759,0.005886211,0.008577051
NPR,NPR,0.325878594,0.039025559,0.194888179,0.214057508,0.169329073,0.169329073,0.223642173,0.373801917,0.610223642,0.136767723,0.463490616,0.098776689,0.013676772,0.012916952
Office Depot,officedepot,0.352175439,0.043719298,0.188105263,0.218333333,0.192263158,0.167982456,0.187982456,0.38254386,0.614035088,0.190464488,0.436225117,0.061440157,0.005222413,0.00798722
OfficeMax,OfficeMax,0.3568,0.034342857,0.167657143,0.2266,0.214342857,0.176742857,0.185457143,0.323428571,0.628571429,0.203753351,0.407506702,0.058981233,0.00536193,0.00536193
Old Navy,OldNavy,0.31588785,0.056074766,0.252336449,0.252336449,0.173831776,0.136448598,0.138317757,0.155140187,0.829906542,0.180096051,0.446905016,0.062700107,0.004068837,0.005336179
Olive Garden,olivegarden,0.336065574,0.056696721,0.196721311,0.196721311,0.180303279,0.167106557,0.196721311,0.319672131,0.672131148,0.244160734,0.382420427,0.029416956,0.001559099,0.002382773
Ollie's Bargain Outlet,OlliesOutlet,0.273,0.047102564,0.226410256,0.217205128,0.185282051,0.183769231,0.179410256,0.211461538,0.820512821,0.288870008,0.339847069,0.021240442,0.001019541,0.001529312
P. C. Richard & Son,PCRichardandSon,0.404547317,0.043732077,0.213027448,0.202888161,0.183633757,0.189983613,0.17103646,0.50102417,0.500921753,0.21611002,0.373280943,0.037328094,0.009823183,0.009823183
P.F. Chang's China Bistro,PFChangs,0.4446,0.052488889,0.216066667,0.221177778,0.184844444,0.158044444,0.178422222,0.322755556,0.666666667,0.191780822,0.410958904,0.047945205,0.003561644,0.006164384
Panda Express,PandaExpress,0.411913043,0.093434783,0.286,0.248217391,0.160608696,0.094086957,0.106695652,0.410608696,0.579043478,0.207121804,0.358480045,0.028678404,0.001672907,0.002310205
Pandora jewelry,PANDORA_NA,0.350877193,0.070438596,0.219298246,0.210526316,0.175438596,0.153508772,0.153508772,0.188596491,0.802631579,0.187509015,0.3894418,0.03894418,0.002235684,0.003317467
Panera Bread,panerabread,0.347826087,0.089690821,0.246376812,0.241545894,0.169082126,0.115942029,0.125603865,0.381642512,0.608695652,0.192100151,0.410101446,0.049643859,0.003885172,0.005180229
Parks and Recreation,parksandrecnbc,0.279503106,0.051571429,0.229813665,0.260869565,0.186335404,0.142857143,0.127987578,0.347826087,0.639751553,0.191479177,0.454763045,0.059837243,0.005026328,0.006582097
Party City,PartyCity,0.320987654,0.053950617,0.247679012,0.271604938,0.166703704,0.133432099,0.10762963,0.182234568,0.802469136,0.228867867,0.381446445,0.035093073,0.001525786,0.002441257
Pawn Stars,pawnstars,0.247787611,0.041079646,0.194690265,0.212389381,0.183477876,0.182106195,0.193451327,0.743362832,0.247787611,0.273863467,0.348553503,0.02016631,0.001394214,0.002190908
Peet's Coffee,peetscoffee,0.347055556,0.097351852,0.269648148,0.221074074,0.162277778,0.136037037,0.132888889,0.302685185,0.685185185,0.126633987,0.449346405,0.093954248,0.014297386,0.015114379
PeiWei,PeiWei,0.499859669,0.083637384,0.287959585,0.263822621,0.147067078,0.110300309,0.11282627,0.33847881,0.659556553,0.161290323,0.483870968,0.069892473,0.007680492,0.012288786
Peloton,onepeloton,0.365904366,0.054054054,0.276507277,0.272349272,0.197505198,0.122661123,0.087318087,0.374220374,0.623700624,0.138347623,0.467653936,0.074045207,0.0083788,0.011886204
Petco,Petco,0.298136646,0.052453416,0.208074534,0.201863354,0.177018634,0.170807453,0.183229814,0.304347826,0.683229814,0.22172949,0.382987301,0.036283007,0.002620439,0.003225156
PetSmart,PetSmart,0.298360656,0.054285246,0.213114754,0.2,0.180327869,0.170491803,0.180327869,0.298360656,0.695081967,0.241773002,0.362659503,0.030893217,0.002149093,0.002820685
PGA,ThePGA,0.278571429,0.043071429,0.2,0.203571429,0.182142857,0.185714286,0.217857143,0.635714286,0.371428571,0.206159,0.450972813,0.0412318,0.004638578,0.009019456
Philz Coffee,PhilzCoffee,0.392715386,0.164137287,0.288115807,0.158066776,0.120476302,0.123278076,0.149894933,0.211767453,0.774924119,0.085393258,0.426966292,0.087640449,0.02247191,0.02247191
Pinkberry,Pinkberry,0.461167623,0.076796992,0.263703418,0.29855855,0.203876006,0.105625994,0.072843851,0.343103698,0.677867232,0.157068063,0.353403141,0.039267016,0.013089005,0.013089005
Pizza Hut,pizzahut,0.357142857,0.092125,0.28125,0.241071429,0.165178571,0.107142857,0.107142857,0.410714286,0.584821429,0.239504086,0.338123415,0.022541561,0.001127078,0.001690617
Planet Fitness,PlanetFitness,0.355072464,0.0655,0.268115942,0.268115942,0.195652174,0.112318841,0.079710145,0.449275362,0.539855072,0.20860077,0.385109114,0.035301669,0.002086008,0.003209243
Pottery Barn,potterybarn,0.326839827,0.037664502,0.212121212,0.244588745,0.196969697,0.168831169,0.145021645,0.212121212,0.777056277,0.161063016,0.473122609,0.077511576,0.006945843,0.009361788
Publix,Publix,0.326203209,0.046951872,0.197860963,0.20855615,0.181818182,0.160427807,0.20855615,0.347593583,0.64171123,0.214887018,0.398759415,0.037660611,0.002879929,0.00443066
Rack Room Shoes,myrackroomshoes,0.346108696,0.06776087,0.264869565,0.283891304,0.189391304,0.119130435,0.081891304,0.211108696,0.804347826,0.241519376,0.406191679,0.034032276,0.001097815,0.002195631
RadioShack,RadioShack,0.316351351,0.052945946,0.251594595,0.220486486,0.175513514,0.156405405,0.146135135,0.544324324,0.457648649,0.241151303,0.388953715,0.028393621,0.003889537,0.003889537
Ralph Lauren,RalphLauren,0.373961219,0.05699169,0.213296399,0.218836565,0.180055402,0.152354571,0.174515235,0.337950139,0.659279778,0.175578611,0.383080607,0.043096568,0.003511572,0.005107741
Ray-Ban,ray_ban,0.38317757,0.057037383,0.224299065,0.261682243,0.190775701,0.136728972,0.119626168,0.448598131,0.53271028,0.172442566,0.361573121,0.030594649,0.001863492,0.002697892
Raymour & Flanigan,raymourflanigan,0.362754386,0.023912281,0.230947368,0.275333333,0.223877193,0.166421053,0.098052632,0.183894737,0.824561404,0.195670784,0.403570992,0.053809466,0.002812768,0.005014064
REI,REI,0.307692308,0.053798535,0.223443223,0.241758242,0.205128205,0.153846154,0.142857143,0.516483516,0.494505495,0.15483871,0.438709677,0.065806452,0.007741935,0.008774194
RIDGID Tools,RIDGIDtoday,0.228346457,0.052493438,0.267716535,0.280839895,0.199475066,0.154855643,0.073490814,0.94488189,0.052493438,0.294771969,0.372636263,0.015016685,0.005561735,0.005561735
Rite Aid,riteaid,0.3125,0.03825,0.179583333,0.18409375,0.173364583,0.186947917,0.25,0.291666667,0.697916667,0.225915766,0.360389436,0.036576838,0.002581894,0.003496315
RYOBI Tools,RYOBItoolsusa,0.255391892,0.026351351,0.200554054,0.222472973,0.196472973,0.195297297,0.171824324,0.716216216,0.278445946,0.274536719,0.388927019,0.025165866,0.001487074,0.002974148
Saks Fifth Avenue,saks,0.386091127,0.06235012,0.239808153,0.23501199,0.182254197,0.136690647,0.134292566,0.208633094,0.772182254,0.150505268,0.408514298,0.054826919,0.005590196,0.008062782
Sam's Club,SamsClub,0.293447293,0.043202279,0.193732194,0.216524217,0.190883191,0.179487179,0.185185185,0.33048433,0.66951567,0.241368454,0.367299822,0.03253227,0.001888971,0.003148284
Samsonite,SamsoniteUSA,0.421928571,0.030535714,0.155535714,0.203785714,0.202107143,0.209178571,0.197964286,0.252535714,0.731107143,0.157626333,0.449698656,0.069541029,0.006490496,0.009735744
Save-A-Lot,SaveALot,0.228199542,0.028378303,0.156639294,0.205575108,0.216580079,0.204010949,0.174012625,0.2923859,0.692084241,0.272077996,0.362770661,0.023239995,0.00136039,0.002097268
Sealy,Sealy,0.323758621,0.029068966,0.153793103,0.21337931,0.212275862,0.208758621,0.179965517,0.357293103,0.637931034,0.244055069,0.337922403,0.023779725,0.001251564,0.001877347
Sears,Sears,0.293333333,0.039933333,0.206666667,0.213333333,0.186666667,0.173333333,0.186666667,0.24,0.753333333,0.227913393,0.41384274,0.038385414,0.003118815,0.005218017
Serta Mattress,SertaMattresses,0.344444444,0.037444444,0.171044444,0.225655556,0.223944444,0.205811111,0.130177778,0.322222222,0.677777778,0.232946777,0.319035803,0.022281866,0.001063453,0.001721781
Shake Shack,shakeshack,0.375,0.105375,0.303791667,0.243375,0.136847222,0.089208333,0.116291667,0.458333333,0.541666667,0.179748352,0.419412822,0.051927302,0.00499301,0.008987418
Shark Tank,ABCSharkTank,0.292792793,0.046761261,0.234234234,0.216216216,0.175675676,0.166666667,0.162162162,0.418918919,0.558558559,0.196078431,0.434173669,0.049719888,0.005112045,0.007002801
Sherwin-Williams,SherwinWilliams,0.263736264,0.021318681,0.138626374,0.192747253,0.240021978,0.19989011,0.205714286,0.307692308,0.67032967,0.21978022,0.400313972,0.041601256,0.002511774,0.004395604
Shoe Carnival,ShoeCarnival,0.335888889,0.071814815,0.227537037,0.250333333,0.194018519,0.148037037,0.102092593,0.179444444,0.814814815,0.261116367,0.378429518,0.026111637,0.000756859,0.001589404
ShopRite,ShopRiteStores,0.273651833,0.034330506,0.162722627,0.204544327,0.186287642,0.186932579,0.233120008,0.218683336,0.773329364,0.230318258,0.383863763,0.043969849,0.002303183,0.004885539
SKECHERS,SKECHERSUSA,0.315352697,0.038298755,0.170124481,0.215767635,0.178423237,0.199170124,0.215767635,0.253112033,0.738589212,0.255427842,0.399106003,0.038314176,0.001915709,0.003033206
Skil,SkilTools,0.332090909,0.066181818,0.248227273,0.222090909,0.188590909,0.174318182,0.141272727,0.851,0.172409091,0.23849823,0.253885213,0.010770888,0.000769349,0.000769349
Sleep Number,sleepnumber,0.322303589,0.004158756,0.030919447,0.231624627,0.254588193,0.376277009,0.089594069,0.467317602,0.514420034,0.243506494,0.317911255,0.021306818,0.001149892,0.002063041
Sonic Drive-In,sonicdrivein,0.305555556,0.113055556,0.277777778,0.222222222,0.152546296,0.113027778,0.116342593,0.398148148,0.601851852,0.244051251,0.325401668,0.022371365,0.001037218,0.001403295
SoulCycle,soulcycle,0.346590909,0.066287879,0.255681818,0.242424242,0.191287879,0.140151515,0.119318182,0.359848485,0.640151515,0.119277885,0.451321728,0.064474533,0.006125081,0.008704062
Sprouts Farmers Market,sproutsfm,0.371069182,0.032314465,0.232704403,0.245283019,0.201257862,0.150943396,0.150943396,0.308176101,0.679245283,0.180346821,0.406936416,0.050867052,0.004115607,0.005549133
StaplesStores,StaplesStores,0.345153846,0.033615385,0.184,0.189179487,0.183435897,0.177589744,0.201410256,0.364692308,0.615384615,0.2034858,0.442360435,0.066354065,0.005308325,0.008404848
Star Magazine,Star_News,0.333333333,0.082833333,0.258430556,0.234222222,0.171513889,0.132027778,0.110875,0.284666667,0.694444444,0.26045058,0.403698398,0.039067587,0.002604506,0.003906759
Starbucks,Starbucks,0.34180791,0.098870056,0.307909605,0.225988701,0.166666667,0.115819209,0.110169492,0.276836158,0.731638418,0.216054512,0.35316603,0.032823666,0.002285192,0.002991524
Subway,SUBWAY,0.337837838,0.105925676,0.277027027,0.236486486,0.162162162,0.107932432,0.089405405,0.412162162,0.574324324,0.234899329,0.346756152,0.025727069,0.001454139,0.00212528
T.J. Maxx,tjmaxx,0.325581395,0.056847545,0.219638243,0.22997416,0.198966408,0.157622739,0.136950904,0.186046512,0.813953488,0.193665983,0.4101162,0.045568467,0.002278423,0.003645477
Taco Bell,tacobell,0.350515464,0.106293814,0.293814433,0.237113402,0.154639175,0.102716495,0.112530928,0.448453608,0.551546392,0.244498778,0.337641169,0.022121318,0.001280708,0.001862848
Target,Target,0.326315789,0.065789474,0.257894737,0.238157895,0.175,0.128947368,0.140789474,0.255263158,0.727631579,0.214999368,0.379410649,0.04110282,0.002434552,0.003477931
Tempur-Pedic,TempurPedic,0.330434783,0.030565217,0.164521739,0.208695652,0.208695652,0.191304348,0.190269565,0.32173913,0.660869565,0.229445507,0.34416826,0.026768642,0.001912046,0.002676864
The Bachelor,BachelorABC,0.261088049,0.171509723,0.452261307,0.141577452,0.090889229,0.077124754,0.053746996,0.103124317,0.887699366,0.168970814,0.307219662,0.024577573,0.015360983,0.015360983
The Bachelorette,BacheloretteABC,0.289099526,0.076947867,0.27014218,0.227488152,0.184834123,0.132701422,0.098218009,0.218009479,0.772511848,0.163546798,0.433497537,0.04729064,0.003349754,0.003940887
The Big Bang Theory,bigbangtheory,0.262096774,0.054169355,0.209677419,0.217741935,0.193548387,0.185483871,0.157258065,0.491935484,0.508064516,0.225937641,0.436812773,0.051212532,0.004518753,0.005723754
The Blacklist,NBCBlacklist,0.282895833,0.032145833,0.17775,0.22725,0.205645833,0.176083333,0.179458333,0.348333333,0.645833333,0.232683014,0.465366028,0.051906211,0.004116699,0.00698049
The Capital Grille,CapitalGrille,0.375493362,0.051010645,0.185683531,0.19220189,0.202966152,0.17784954,0.186999163,0.336801818,0.659490492,0.189435337,0.43715847,0.054644809,0.005100182,0.01129326
The Cheesecake Factory,Cheesecake,0.357142857,0.052214286,0.193112245,0.207122449,0.186959184,0.173479592,0.19294898,0.316326531,0.683673469,0.188121473,0.42231351,0.046070565,0.003340116,0.004990978
THe Children's Place,childrensplace,0.310344828,0.042655172,0.298850575,0.275862069,0.155172414,0.119310345,0.10008046,0.106827586,0.879310345,0.217929668,0.435859336,0.051510649,0.002377415,0.003962358
The Goldbergs,TheGoldbergsABC,0.286488889,0.035933333,0.189644444,0.2258,0.209044444,0.165844444,0.174555556,0.452133333,0.533333333,0.228310502,0.446243254,0.04773765,0.003424658,0.00539643
The Good Wife,TheGoodWife_CBS,0.280681818,0.029818182,0.257818182,0.256795455,0.166363636,0.182659091,0.120340909,0.205227273,0.795454545,0.157266811,0.482646421,0.103036876,0.012472885,0.015726681
The Home Depot,HomeDepot,0.300511509,0.029411765,0.185421995,0.226342711,0.194373402,0.184143223,0.189258312,0.433503836,0.557544757,0.235785242,0.386533184,0.038653318,0.002898999,0.004638398
The Melting Pot,TheMeltingPot,0.304746494,0.057915318,0.192219525,0.220873786,0.214199029,0.160800971,0.154935275,0.206175836,0.786407767,0.177749895,0.460058553,0.064826432,0.004809703,0.007319113
The Middle,TheMiddle_ABC,0.314998021,0.065690542,0.349953832,0.314998021,0.188101834,0.032713362,0.043661786,0.396781427,0.595172141,0.17683466,0.324196876,0.027998821,0.001473622,0.002063071
The North Face,thenorthface,0.336842105,0.070259649,0.256140351,0.235087719,0.18245614,0.133333333,0.122807018,0.463157895,0.533333333,0.184100418,0.40167364,0.040167364,0.003682008,0.004853556
The Price Is Right,PriceIsRight,0.239769231,0.0195,0.102384615,0.161730769,0.191115385,0.247192308,0.303461538,0.426153846,0.607,0.274851122,0.297755383,0.017178195,0.002290426,0.002290426
The Simpsons,TheSimpsons,0.314623338,0.059084195,0.221565731,0.223042836,0.171344165,0.156573117,0.166912851,0.418020679,0.576070901,0.218120805,0.369127517,0.030201342,0.002852349,0.003187919
The Vitamin Shoppe,VitaminShoppe,0.321100917,0.032422018,0.182954128,0.201834862,0.220183486,0.171688073,0.201761468,0.366972477,0.633027523,0.2034588,0.406917599,0.03560529,0.002470571,0.003996512
This Is Us,NBCThisisUs,0.289508197,0.04295082,0.273885246,0.262606557,0.157819672,0.137508197,0.125163934,0.209,0.770491803,0.213498184,0.477981008,0.070103881,0.003505194,0.00637308
Tiffany & Co.,TiffanyAndCo,0.372483221,0.056838926,0.228187919,0.224832215,0.187919463,0.154362416,0.147651007,0.231543624,0.761744966,0.177190722,0.402706186,0.048324742,0.003865979,0.005637887
TigerDirect,TigerDirect,0.325175809,0.08326301,0.266947961,0.197749648,0.154149086,0.138396624,0.164838256,0.792967651,0.190436006,0.186915888,0.46728972,0.045393858,0.013351135,0.013351135
Tijuana Flats,TijuanaFlats,0.294265911,0.044108381,0.186515438,0.20415879,0.178323882,0.18273472,0.218021424,0.473219912,0.530560807,0.174983798,0.453661698,0.054439404,0.006480881,0.006480881
Timberland,Timberland,0.341666667,0.069375,0.291666667,0.275,0.183333333,0.128791667,0.074341667,0.541666667,0.458333333,0.2115413,0.359128253,0.030009347,0.002115413,0.002853348
Tommy Hilfiger,TommyHilfiger,0.38,0.065445,0.235,0.22,0.185,0.135,0.155,0.36,0.63,0.177546554,0.34270614,0.031380321,0.001899335,0.002601263
True Value,TrueValue,0.268907692,0.054553846,0.204353846,0.197661538,0.189215385,0.182830769,0.159553846,0.6,0.369230769,0.263296472,0.400210637,0.033701948,0.002106372,0.003580832
Tuesday Morning,TuesdayMorning,0.213091922,0.075208914,0.160167131,0.175487465,0.227019499,0.221448468,0.157381616,0.061281337,0.940111421,0.2417962,0.420264824,0.042026482,0.005757052,0.005757052
Under Armour,UnderArmour,0.333333333,0.079234973,0.254098361,0.256830601,0.174863388,0.131147541,0.095628415,0.469945355,0.519125683,0.194449355,0.397737317,0.040657592,0.003270285,0.005038006
Undercover Boss,undercover_cbs,0.25552419,0.030662903,0.167526526,0.202375158,0.230020442,0.202959213,0.157792271,0.399104449,0.586586197,0.23006135,0.352760736,0.032208589,0.015337423,0.015337423
United States men's national soccer team,USMNT,0.435186047,0.093790698,0.318418605,0.272767442,0.159139535,0.086813953,0.059325581,0.790697674,0.205906977,0.141617985,0.469109577,0.070808993,0.008231545,0.012391574
United States women's national soccer team,USWNT,0.374195122,0.06695122,0.283902439,0.279414634,0.184902439,0.132341463,0.066707317,0.585365854,0.449292683,0.166082303,0.442886141,0.058128806,0.005259273,0.007104632
Uno Pizzeria & Grill,UnoChicagoGrill,0.267837131,0.053418005,0.23010833,0.257004109,0.200971236,0.143817706,0.125887187,0.317893164,0.678744864,0.156133829,0.356877323,0.040892193,0.037174721,0.037174721
Urban Outfitters,UrbanOutfitters,0.381516588,0.130331754,0.341232227,0.220379147,0.139810427,0.092417062,0.08056872,0.255924171,0.744075829,0.133244504,0.37308461,0.039973351,0.003064624,0.003597602
USA Basketball,usabasketball,0.370529651,0.099366229,0.272068809,0.260751471,0.175645088,0.090538705,0.073562698,0.666591218,0.304436397,0.19696348,0.410340583,0.033647928,0.004103406,0.004103406
Vans,VANS_66,0.376996805,0.124600639,0.329073482,0.226837061,0.150159744,0.095846645,0.076677316,0.479233227,0.514376997,0.214666857,0.316889171,0.019422239,0.000981334,0.001533335
Verizon Wireless,VZWSupport,0.348983051,0.055711864,0.208762712,0.204152542,0.163949153,0.133508475,0.267559322,0.542372881,0.474576271,0.232589958,0.376248461,0.034204406,0.002667944,0.003762485
Victoria's Secret,VictoriasSecret,0.344632768,0.098870056,0.276836158,0.245762712,0.183615819,0.115819209,0.087570621,0.152542373,0.838983051,0.192592593,0.385185185,0.033333333,0.002,0.002666667
Walgreens,Walgreens,0.31441048,0.055467249,0.192139738,0.192139738,0.161572052,0.161572052,0.23580786,0.283842795,0.711790393,0.223947447,0.33592117,0.026127202,0.001567632,0.002239474
Walmart,Walmart,0.311940299,0.067164179,0.22238806,0.223880597,0.173880597,0.158955224,0.163432836,0.364179104,0.638059701,0.228143274,0.360226222,0.03242036,0.002161357,0.003001885
Wegmans Food Markets,Wegmans,0.302537313,0.041447761,0.202955224,0.215208955,0.193402985,0.151477612,0.191626866,0.309059701,0.671641791,0.186383072,0.416620985,0.054818551,0.004385484,0.006468589
Wendy's,Wendys,0.360169492,0.13559322,0.347457627,0.245762712,0.139830508,0.069932203,0.070605932,0.487288136,0.516949153,0.239067055,0.332361516,0.023323615,0.001516035,0.001982507
Westworld,WestworldHBO,0.292878788,0.038454545,0.210848485,0.240272727,0.233212121,0.153878788,0.14569697,0.469,0.539787879,,,,,
Wheel of Fortune,WheelofFortune,0.215289157,0.011831325,0.097253012,0.188289157,0.184,0.204325301,0.301204819,0.313253012,0.674698795,0.290539314,0.35712124,0.027843351,0.001694813,0.002360632
Whole Foods Market,WholeFoods,0.33266129,0.044354839,0.211693548,0.219758065,0.1875,0.161290323,0.179435484,0.316532258,0.671370968,0.168403326,0.421008315,0.052626039,0.004420587,0.005788864
Williams Sonoma,WilliamsSonoma,0.33254717,0.041245283,0.20990566,0.231132075,0.193396226,0.169811321,0.16509434,0.231132075,0.768867925,0.140661814,0.480594531,0.086741452,0.008791363,0.011252945
WinCo Foods,WinCoFoods,0.320348584,0.020915033,0.17751634,0.222135076,0.16496732,0.167058824,0.24130719,0.25167756,0.745010893,0.244881574,0.397430751,0.027699719,0.004014452,0.004014452
Winn-Dixie,WinnDixie,0.289374189,0.019129846,0.136448282,0.206196039,0.197280063,0.18136674,0.264093448,0.31747644,0.670842503,0.238891543,0.382226469,0.032250358,0.00226947,0.003344482
Women's National Basketball Association,WNBA,0.361111111,0.098666667,0.282333333,0.216263889,0.163263889,0.116902778,0.113805556,0.583333333,0.402777778,0.1873143,0.413383284,0.050381088,0.004327606,0.005619429
Wrangler Jeans,Wrangler,0.264285714,0.065728571,0.214285714,0.214285714,0.185714286,0.157142857,0.171428571,0.464285714,0.535714286,0.270861548,0.354203563,0.019272841,0.001145953,0.001458485
Yankee Candle,TheYankeeCandle,0.248333333,0.074285714,0.227460317,0.224666667,0.18168254,0.156666667,0.127063492,0.154333333,0.825396825,0.26206075,0.41691483,0.039309113,0.002025015,0.003454437
Zalesjewelers,ZalesJewelers,0.330375,0.039708333,0.203583333,0.268791667,0.208791667,0.171833333,0.142958333,0.15825,0.859125,0.236115894,0.373850165,0.025087314,0.000934625,0.001574106
Zara,zarausa,0.377232143,0.091517857,0.308035714,0.243303571,0.158482143,0.104910714,0.100446429,0.21875,0.78125,0.133083092,0.392424501,0.049479611,0.003583006,0.004777342
,SaatvaMattress,,,,,,,,,,0.207055215,0.383435583,0.038343558,0.003067485,0.00408998
,NBCBlindspot,,,,,,,,,,0.236348818,0.4400978,0.042379788,0.008149959,0.008149959
,AmericanWifeABC,,,,,,,,,,0.237107291,0.444576171,0.041493776,0.002963841,0.003852993
,Red Mango,,,,,,,,,,0.142857143,0.363196126,0.043583535,0.024213075,0.024213075
,MSNBC,,,,,,,,,,0.193227825,0.42326095,0.061648877,0.006900994,0.007821126
,DailyCaller,,,,,,,,,,0.258467023,0.392156863,0.029411765,0.002673797,0.004188948
,nytimes,,,,,,,,,,0.150940618,0.441777418,0.080992527,0.009939992,0.010676288
,ThatsJared,,,,,,,,,,0.144278607,0.243781095,0.049751244,0.049751244,0.049751244
,Flywheel,,,,,,,,,,0.156973234,0.442745019,0.062386798,0.006439928,0.010062387
,washingtonpost,,,,,,,,,,0.18663384,0.436802605,0.063534924,0.008338959,0.008736052
,nbcparenthood,,,,,,,,,,0.195381883,0.488454707,0.079928952,0.004440497,0.007104796
,FoxNews,,,,,,,,,,0.237684276,0.39614046,0.036784471,0.003112532,0.00452732
,souplantation,,,,,,,,,,0.17225748,0.426110607,0.063463282,0.009066183,0.009066183
,freespeechtv,,,,,,,,,,0.142355009,0.404217926,0.068541301,0.017574692,0.017574692
,BrioItalian,,,,,,,,,,0.180327869,0.459016393,0.059836066,0.008196721,0.009016393
,NFL,,,,,,,,,,0.24910478,0.420364316,0.035808812,0.003658726,0.006539
,MakitaTools,,,,,,,,,,0.076923077,0.076923077,0.076923077,0.076923077,0.076923077
,TheOnion,,,,,,,,,,0.136301681,0.474990707,0.084672256,0.013010615,0.012391062
,worldnetdaily,,,,,,,,,,0.250231696,0.417052827,0.03429101,0.003429101,0.004448563
,century21stores,,,,,,,,,,0.225292881,0.39050766,0.030039051,0.003003905,0.004205467
,CBSNews,,,,,,,,,,0.215714233,0.402179079,0.051186428,0.005849878,0.006581112
,ncaawbb,,,,,,,,,,0.153403643,0.479386385,0.083413231,0.009587728,0.009587728
,60Minutes,,,,,,,,,,0.190114068,0.420252151,0.054032419,0.005003002,0.006804082
,gordmans,,,,,,,,,,0.271222261,0.338147235,0.020077492,0.003522367,0.003522367
,artvan,,,,,,,,,,0.24013024,0.407000407,0.037037037,0.004070004,0.004070004
,newsmax,,,,,,,,,,0.249906285,0.399850056,0.033112583,0.002748969,0.003686118
,FusionNews,,,,,,,,,,0.208974923,0.390453146,0.043444787,0.002969644,0.003904531
,CentralMarket,,,,,,,,,,0.146871009,0.440613027,0.070242656,0.007662835,0.013409962
,pier1,,,,,,,,,,0.18417681,0.453768952,0.069399957,0.005071535,0.007473842
,CNN,,,,,,,,,,0.196946274,0.402363355,0.050824845,0.005294255,0.006141335
,BabiesRUs,,,,,,,,,,0.201207243,0.452716298,0.058685446,0.002850436,0.005030181
,USATODAY,,,,,,,,,,0.208057008,0.390106889,0.044212114,0.00416114,0.005461496
,NBCNews,,,,,,,,,,0.217354957,0.417990303,0.047372234,0.004458563,0.005573204
,ToysRUs,,,,,,,,,,0.225312719,0.427317225,0.050501127,0.002641597,0.004661642
,Burn_NoticeTV,,,,,,,,,,0.19,0.46,0.049,0.01,0.01
,Dockers,,,,,,,,,,0.225621415,0.382409178,0.035181644,0.003824092,0.004206501
,WSJ,,,,,,,,,,0.145372986,0.456886526,0.087223791,0.011214487,0.014121947
,48hours,,,,,,,,,,0.224639395,0.378340033,0.037834003,0.002955782,0.004019863
,WarbyParker,,,,,,,,,,0.140164331,0.420492992,0.062832286,0.005316578,0.006766554
,ZoesKitchen,,,,,,,,,,0.142993327,0.505243089,0.08293613,0.009532888,0.011439466
,BHGLiveBetter,,,,,,,,,,0.151810043,0.467107824,0.066173608,0.003697937,0.005838848
,CodeBlackCBS,,,,,,,,,,0.073529412,0.117647059,0.073529412,0.073529412,0.073529412
,zennioptical,,,,,,,,,,0.200865266,0.43263288,0.046353523,0.003012979,0.003399258
,NCISNewOrleans,,,,,,,,,,0.279835391,0.411522634,0.036213992,0.008230453,0.008230453